,fname,cycle,sound,location,time
0,../set_a_cut/normal__201102081321_S1_1.wav,1,S1,9021,204.5578231292517
1,../set_a_cut/normal__201102081321_S2_1.wav,1,S2,19759,448.0498866213152
2,../set_a_cut/normal__201102081321_S1_2.wav,2,S1,34075,772.6757369614512
3,../set_a_cut/normal__201102081321_S2_2.wav,2,S2,46244,1048.6167800453516
4,../set_a_cut/normal__201102081321_S1_3.wav,3,S1,61992,1405.7142857142858
5,../set_a_cut/normal__201102081321_S2_3.wav,3,S2,72729,1649.1836734693877
6,../set_a_cut/normal__201102081321_S1_4.wav,4,S1,87761,1990.045351473923
7,../set_a_cut/normal__201102081321_S2_4.wav,4,S2,100646,2282.222222222222
8,../set_a_cut/normal__201102081321_S1_5.wav,5,S1,114246,2590.612244897959
9,../set_a_cut/normal__201102081321_S2_5.wav,5,S2,126415,2866.5532879818593
10,../set_a_cut/normal__201102081321_S1_6.wav,6,S1,142163,3223.6507936507937
11,../set_a_cut/normal__201102081321_S2_6.wav,6,S2,152900,3467.120181405896
12,../set_a_cut/normal__201102081321_S1_7.wav,7,S1,167216,3791.746031746032
13,../set_a_cut/normal__201102081321_S2_7.wav,7,S2,179385,4067.687074829932
14,../set_a_cut/normal__201102081321_S1_8.wav,8,S1,194417,4408.548752834467
15,../set_a_cut/normal__201102081321_S2_8.wav,8,S2,205155,4652.040816326531
16,../set_a_cut/normal__201102081321_S1_9.wav,9,S1,219471,4976.666666666667
17,../set_a_cut/normal__201102081321_S2_9.wav,9,S2,230924,5236.371882086168
18,../set_a_cut/normal__201102081321_S1_10.wav,10,S1,271010,6145.351473922902
19,../set_a_cut/normal__201102081321_S2_10.wav,10,S2,282463,6405.056689342404
20,../set_a_cut/normal__201102081321_S1_11.wav,11,S1,296779,6729.68253968254
21,../set_a_cut/normal__201102081321_S2_11.wav,11,S2,308232,6989.3877551020405
22,../set_a_cut/normal__201102081321_S1_12.wav,12,S1,323264,7330.249433106576
23,../set_a_cut/normal__201102081321_S2_12.wav,12,S2,334001,7573.718820861678
24,../set_a_cut/normal__201102260502_S1_1.wav,1,S1,10526,238.6848072562358
25,../set_a_cut/normal__201102260502_S2_1.wav,1,S2,26941,610.9070294784581
26,../set_a_cut/normal__201102260502_S1_2.wav,2,S1,41197,934.172335600907
27,../set_a_cut/normal__201102260502_S2_2.wav,2,S2,57163,1296.2131519274376
28,../set_a_cut/normal__201102260502_S1_3.wav,3,S1,70278,1593.6054421768708
29,../set_a_cut/normal__201102260502_S2_3.wav,3,S2,87955,1994.4444444444443
30,../set_a_cut/normal__201102260502_S1_4.wav,4,S1,101641,2304.784580498866
31,../set_a_cut/normal__201102260502_S2_4.wav,4,S2,121028,2744.3990929705215
32,../set_a_cut/normal__201102260502_S1_5.wav,5,S1,133573,3028.8662131519272
33,../set_a_cut/normal__201102260502_S2_5.wav,5,S2,151821,3442.6530612244896
34,../set_a_cut/normal__201102260502_S1_6.wav,6,S1,183753,4166.734693877551
35,../set_a_cut/normal__201102260502_S2_6.wav,6,S2,196869,4464.149659863946
36,../set_a_cut/normal__201102260502_S1_7.wav,7,S1,215686,4890.839002267574
37,../set_a_cut/normal__201102260502_S2_7.wav,7,S2,229942,5214.104308390023
38,../set_a_cut/normal__201102260502_S1_8.wav,8,S1,250211,5673.718820861678
39,../set_a_cut/normal__201102260502_S2_8.wav,8,S2,264168,5990.2040816326535
40,../set_a_cut/normal__201103090635_S1_1.wav,1,S1,4366,99.00226757369614
41,../set_a_cut/normal__201103090635_S2_1.wav,1,S2,16632,377.14285714285717
42,../set_a_cut/normal__201103090635_S1_2.wav,2,S1,30432,690.0680272108843
43,../set_a_cut/normal__201103090635_S2_2.wav,2,S2,43464,985.578231292517
44,../set_a_cut/normal__201103090635_S1_3.wav,3,S1,58030,1315.873015873016
45,../set_a_cut/normal__201103090635_S2_3.wav,3,S2,70296,1594.0136054421769
46,../set_a_cut/normal__201103090635_S1_4.wav,4,S1,85629,1941.700680272109
47,../set_a_cut/normal__201103090635_S2_4.wav,4,S2,98661,2237.2108843537417
48,../set_a_cut/normal__201103090635_S1_5.wav,5,S1,115527,2619.6598639455783
49,../set_a_cut/normal__201103090635_S2_5.wav,5,S2,127793,2897.8004535147393
50,../set_a_cut/normal__201103090635_S1_6.wav,6,S1,143125,3245.46485260771
51,../set_a_cut/normal__201103090635_S2_6.wav,6,S2,155391,3523.605442176871
52,../set_a_cut/normal__201103090635_S1_7.wav,7,S1,173024,3923.4467120181407
53,../set_a_cut/normal__201103090635_S2_7.wav,7,S2,184523,4184.195011337869
54,../set_a_cut/normal__201103090635_S1_8.wav,8,S1,199856,4531.8820861678005
55,../set_a_cut/normal__201103090635_S2_8.wav,8,S2,212122,4810.022675736962
56,../set_a_cut/normal__201103090635_S1_9.wav,9,S1,225154,5105.532879818594
57,../set_a_cut/normal__201103090635_S2_9.wav,9,S2,238187,5401.065759637188
58,../set_a_cut/normal__201103090635_S1_10.wav,10,S1,251220,5696.598639455782
59,../set_a_cut/normal__201103090635_S2_10.wav,10,S2,264252,5992.108843537415
60,../set_a_cut/normal__201103090635_S1_11.wav,11,S1,276518,6270.249433106576
61,../set_a_cut/normal__201103090635_S2_11.wav,11,S2,289551,6565.78231292517
62,../set_a_cut/normal__201103090635_S1_12.wav,12,S1,302583,6861.292517006803
63,../set_a_cut/normal__201103090635_S2_12.wav,12,S2,314849,7139.433106575963
64,../set_a_cut/normal__201103090635_S1_13.wav,13,S1,328649,7452.358276643991
65,../set_a_cut/normal__201103090635_S2_13.wav,13,S2,341681,7747.868480725623
66,../set_a_cut/normal__201103140132_S1_1.wav,1,S1,15358,348.25396825396825
67,../set_a_cut/normal__201103140132_S2_1.wav,1,S2,28272,641.0884353741496
68,../set_a_cut/normal__201103140132_S1_2.wav,2,S1,88539,2007.687074829932
69,../set_a_cut/normal__201103140132_S2_2.wav,2,S2,104036,2359.092970521542
70,../set_a_cut/normal__201103140132_S1_3.wav,3,S1,127282,2886.2131519274376
71,../set_a_cut/normal__201103140132_S2_3.wav,3,S2,141057,3198.5714285714284
72,../set_a_cut/normal__201103140132_S1_4.wav,4,S1,169469,3842.834467120181
73,../set_a_cut/normal__201103140132_S2_4.wav,4,S2,182383,4135.668934240362
74,../set_a_cut/normal__201103140132_S1_5.wav,5,S1,206490,4682.312925170068
75,../set_a_cut/normal__201103140132_S2_5.wav,5,S2,220265,4994.671201814059
76,../set_a_cut/normal__201103140132_S1_6.wav,6,S1,241789,5482.743764172335
77,../set_a_cut/normal__201103140132_S2_6.wav,6,S2,255564,5795.102040816327
78,../set_a_cut/normal__201103140132_S1_7.wav,7,S1,278810,6322.222222222223
79,../set_a_cut/normal__201103140132_S2_7.wav,7,S2,291725,6615.079365079365
80,../set_a_cut/normal__201103140132_S1_8.wav,8,S1,319275,7239.7959183673465
81,../set_a_cut/normal__201103140132_S2_8.wav,8,S2,333911,7571.678004535147
82,../set_a_cut/normal__201103140132_S1_9.wav,9,S1,362323,8215.9410430839
83,../set_a_cut/normal__201103140132_S2_9.wav,9,S2,376098,8528.299319727892
84,../set_a_cut/normal__201103140822_S1_1.wav,1,S1,2444,55.419501133786845
85,../set_a_cut/normal__201103140822_S2_1.wav,1,S2,17080,387.3015873015873
86,../set_a_cut/normal__201103140822_S1_2.wav,2,S1,43770,992.5170068027211
87,../set_a_cut/normal__201103140822_S2_2.wav,2,S2,57545,1304.875283446712
88,../set_a_cut/normal__201103140822_S1_3.wav,3,S1,83374,1890.5668934240364
89,../set_a_cut/normal__201103140822_S2_3.wav,3,S2,97149,2202.925170068027
90,../set_a_cut/normal__201103140822_S1_4.wav,4,S1,122977,2788.59410430839
91,../set_a_cut/normal__201103140822_S2_4.wav,4,S2,133309,3022.879818594104
92,../set_a_cut/normal__201103140822_S1_5.wav,5,S1,156555,3550.0
93,../set_a_cut/normal__201103140822_S2_5.wav,5,S2,174635,3959.9773242630386
94,../set_a_cut/normal__201103140822_S1_6.wav,6,S1,194437,4409.002267573696
95,../set_a_cut/normal__201103140822_S2_6.wav,6,S2,213378,4838.503401360545
96,../set_a_cut/normal__201103151912_S1_1.wav,1,S1,2244,50.8843537414966
97,../set_a_cut/normal__201103151912_S2_1.wav,1,S2,11053,250.63492063492063
98,../set_a_cut/normal__201103151912_S1_2.wav,2,S1,24829,563.015873015873
99,../set_a_cut/normal__201103151912_S2_2.wav,2,S2,60128,1363.4467120181405
100,../set_a_cut/normal__201103151912_S1_3.wav,3,S1,78208,1773.424036281179
101,../set_a_cut/normal__201103151912_S2_3.wav,3,S2,95427,2163.877551020408
102,../set_a_cut/normal__201103151912_S1_4.wav,4,S1,116090,2632.426303854875
103,../set_a_cut/normal__201103151912_S2_4.wav,4,S2,132448,3003.356009070295
104,../set_a_cut/normal__201103151912_S1_5.wav,5,S1,151389,3432.8571428571427
105,../set_a_cut/normal__201103151912_S2_5.wav,5,S2,166886,3784.263038548753
106,../set_a_cut/normal__201103151912_S1_6.wav,6,S1,201324,4565.170068027211
107,../set_a_cut/normal__201103151912_S2_6.wav,6,S2,221987,5033.718820861678
108,../set_a_cut/normal__201103221214_S1_1.wav,1,S1,26831,608.4126984126984
109,../set_a_cut/normal__201103221214_S2_1.wav,1,S2,38095,863.8321995464853
110,../set_a_cut/normal__201103221214_S1_2.wav,2,S1,53667,1216.938775510204
111,../set_a_cut/normal__201103221214_S2_2.wav,2,S2,64601,1464.875283446712
112,../set_a_cut/normal__201103221214_S1_3.wav,3,S1,80173,1817.9818594104308
113,../set_a_cut/normal__201103221214_S2_3.wav,3,S2,91769,2080.9297052154193
114,../set_a_cut/normal__201103221214_S1_4.wav,4,S1,107341,2434.0362811791383
115,../set_a_cut/normal__201103221214_S2_4.wav,4,S2,118605,2689.4557823129253
116,../set_a_cut/normal__201103221214_S1_5.wav,5,S1,134509,3050.090702947846
117,../set_a_cut/normal__201103221214_S2_5.wav,5,S2,145442,3298.0045351473923
118,../set_a_cut/normal__201104141251_S1_1.wav,1,S1,20189,457.8004535147392
119,../set_a_cut/normal__201104141251_S2_1.wav,1,S2,31879,722.8798185941043
120,../set_a_cut/normal__201104141251_S1_2.wav,2,S1,50876,1153.6507936507937
121,../set_a_cut/normal__201104141251_S2_2.wav,2,S2,63297,1435.3061224489795
122,../set_a_cut/normal__201104141251_S1_3.wav,3,S1,82294,1866.077097505669
123,../set_a_cut/normal__201104141251_S2_3.wav,3,S2,95446,2164.3083900226757
124,../set_a_cut/normal__201104141251_S1_4.wav,4,S1,115904,2628.2086167800453
125,../set_a_cut/normal__201104141251_S2_4.wav,4,S2,128326,2909.8866213151928
126,../set_a_cut/normal__201104141251_S1_5.wav,5,S1,148053,3357.2108843537417
127,../set_a_cut/normal__201104141251_S2_5.wav,5,S2,161205,3655.4421768707484
128,../set_a_cut/normal__201104141251_S1_6.wav,6,S1,179471,4069.637188208617
129,../set_a_cut/normal__201104141251_S2_6.wav,6,S2,191623,4345.1927437641725
130,../set_a_cut/normal__201104141251_S1_7.wav,7,S1,210889,4782.063492063492
131,../set_a_cut/normal__201104141251_S2_7.wav,7,S2,224041,5080.294784580499
132,../set_a_cut/normal__201104141251_S1_8.wav,8,S1,244499,5544.195011337869
133,../set_a_cut/normal__201104141251_S2_8.wav,8,S2,256920,5825.850340136054
134,../set_a_cut/normal__201104141251_S1_9.wav,9,S1,278109,6306.326530612245
135,../set_a_cut/normal__201104141251_S2_9.wav,9,S2,289800,6571.428571428572
136,../set_a_cut/normal__201105011626_S1_1.wav,1,S1,1855,42.06349206349206
137,../set_a_cut/normal__201105011626_S2_1.wav,1,S2,14497,328.73015873015873
138,../set_a_cut/normal__201105011626_S1_2.wav,2,S1,22246,504.44444444444446
139,../set_a_cut/normal__201105011626_S2_2.wav,2,S2,34299,777.7551020408164
140,../set_a_cut/normal__201105011626_S1_3.wav,3,S1,42048,953.469387755102
141,../set_a_cut/normal__201105011626_S2_3.wav,3,S2,54962,1246.3038548752834
142,../set_a_cut/normal__201105011626_S1_4.wav,4,S1,62711,1422.0181405895692
143,../set_a_cut/normal__201105011626_S2_4.wav,4,S2,74764,1695.328798185941
144,../set_a_cut/normal__201105011626_S1_5.wav,5,S1,83374,1890.5668934240364
145,../set_a_cut/normal__201105011626_S2_5.wav,5,S2,95427,2163.877551020408
146,../set_a_cut/normal__201105011626_S1_6.wav,6,S1,104036,2359.092970521542
147,../set_a_cut/normal__201105011626_S2_6.wav,6,S2,115229,2612.9024943310656
148,../set_a_cut/normal__201105011626_S1_7.wav,7,S1,123838,2808.1179138321995
149,../set_a_cut/normal__201105011626_S2_7.wav,7,S2,135031,3061.9274376417234
150,../set_a_cut/normal__201105011626_S1_8.wav,8,S1,142779,3237.6190476190477
151,../set_a_cut/normal__201105011626_S2_8.wav,8,S2,163899,3716.530612244898
152,../set_a_cut/normal__201105011626_S1_9.wav,9,S1,154833,3510.9523809523807
153,../set_a_cut/normal__201105011626_S2_9.wav,9,S2,176357,3999.024943310658
154,../set_a_cut/normal__201105011626_S1_10.wav,10,S1,183244,4155.1927437641725
155,../set_a_cut/normal__201105011626_S2_10.wav,10,S2,195298,4428.526077097506
156,../set_a_cut/normal__201105011626_S1_11.wav,11,S1,204768,4643.265306122449
157,../set_a_cut/normal__201105011626_S2_11.wav,11,S2,215100,4877.551020408163
158,../set_a_cut/normal__201105011626_S1_12.wav,12,S1,223709,5072.766439909297
159,../set_a_cut/normal__201105011626_S2_12.wav,12,S2,236623,5365.600907029479
160,../set_a_cut/normal__201105011626_S1_13.wav,13,S1,244372,5541.315192743764
161,../set_a_cut/normal__201105011626_S2_13.wav,13,S2,256425,5814.625850340136
162,../set_a_cut/normal__201105011626_S1_14.wav,14,S1,265035,6009.863945578231
163,../set_a_cut/normal__201105011626_S2_14.wav,14,S2,277949,6302.6984126984125
164,../set_a_cut/normal__201105011626_S1_15.wav,15,S1,286559,6497.936507936508
165,../set_a_cut/normal__201105011626_S2_15.wav,15,S2,301195,6829.818594104308
166,../set_a_cut/normal__201105011626_S1_16.wav,16,S1,306361,6946.961451247165
167,../set_a_cut/normal__201105011626_S2_16.wav,16,S2,320136,7259.319727891157
168,../set_a_cut/normal__201105011626_S1_17.wav,17,S1,327885,7435.034013605442
169,../set_a_cut/normal__201105011626_S2_17.wav,17,S2,337355,7649.7732426303855
170,../set_a_cut/normal__201105011626_S1_18.wav,18,S1,346826,7864.53514739229
171,../set_a_cut/normal__201105011626_S2_18.wav,18,S2,359740,8157.369614512471
172,../set_a_cut/normal__201105011626_S1_19.wav,19,S1,380403,8625.918367346938
173,../set_a_cut/normal__201105011626_S2_19.wav,19,S2,388151,8801.609977324262
174,../set_a_cut/normal__201105021654_S1_1.wav,1,S1,23481,532.4489795918367
175,../set_a_cut/normal__201105021654_S2_1.wav,1,S2,38781,879.3877551020408
176,../set_a_cut/normal__201105021654_S1_2.wav,2,S1,78563,1781.4739229024942
177,../set_a_cut/normal__201105021654_S2_2.wav,2,S2,93863,2128.4126984126983
178,../set_a_cut/normal__201105021654_S1_3.wav,3,S1,125229,2839.6598639455783
179,../set_a_cut/normal__201105021654_S2_3.wav,3,S2,139765,3169.2743764172337
180,../set_a_cut/normal__201105021654_S1_4.wav,4,S1,168836,3828.4807256235827
181,../set_a_cut/normal__201105021654_S2_4.wav,4,S2,184136,4175.419501133787
182,../set_a_cut/normal__201105021654_S1_5.wav,5,S1,214737,4869.319727891157
183,../set_a_cut/normal__201105021654_S2_5.wav,5,S2,229273,5198.934240362812
184,../set_a_cut/normal__201105021654_S1_6.wav,6,S1,269054,6100.997732426304
185,../set_a_cut/normal__201105021654_S2_6.wav,6,S2,283590,6430.6122448979595
186,../set_a_cut/normal__201105021654_S1_7.wav,7,S1,326431,7402.063492063492
187,../set_a_cut/normal__201105021654_S2_7.wav,7,S2,341732,7749.024943310657
188,../set_a_cut/normal__201105021804_S1_1.wav,1,S1,23107,523.968253968254
189,../set_a_cut/normal__201105021804_S2_1.wav,1,S2,34299,777.7551020408164
190,../set_a_cut/normal__201105021804_S1_2.wav,2,S1,49796,1129.1609977324263
191,../set_a_cut/normal__201105021804_S2_2.wav,2,S2,60128,1363.4467120181405
192,../set_a_cut/normal__201105021804_S1_3.wav,3,S1,74764,1695.328798185941
193,../set_a_cut/normal__201105021804_S2_3.wav,3,S2,85095,1929.591836734694
194,../set_a_cut/normal__201105021804_S1_4.wav,4,S1,100593,2281.0204081632655
195,../set_a_cut/normal__201105021804_S2_4.wav,4,S2,111785,2534.8072562358275
196,../set_a_cut/normal__201105021804_S1_5.wav,5,S1,127282,2886.2131519274376
197,../set_a_cut/normal__201105021804_S2_5.wav,5,S2,138475,3140.0226757369614
198,../set_a_cut/normal__201105021804_S1_6.wav,6,S1,153972,3491.4285714285716
199,../set_a_cut/normal__201105021804_S2_6.wav,6,S2,164303,3725.6916099773243
200,../set_a_cut/normal__201105021804_S1_7.wav,7,S1,179800,4077.0975056689344
201,../set_a_cut/normal__201105021804_S2_7.wav,7,S2,189271,4291.859410430839
202,../set_a_cut/normal__201105021804_S1_8.wav,8,S1,203907,4623.741496598639
203,../set_a_cut/normal__201105021804_S2_8.wav,8,S2,215961,4897.074829931973
204,../set_a_cut/normal__201105021804_S1_9.wav,9,S1,228875,5189.909297052154
205,../set_a_cut/normal__201105021804_S2_9.wav,9,S2,239206,5424.172335600907
206,../set_a_cut/normal__201105021804_S1_10.wav,10,S1,253843,5756.077097505669
207,../set_a_cut/normal__201105021804_S2_10.wav,10,S2,264174,5990.340136054422
208,../set_a_cut/normal__201105021804_S1_11.wav,11,S1,280532,6361.269841269841
209,../set_a_cut/normal__201105021804_S2_11.wav,11,S2,290003,6576.0317460317465
210,../set_a_cut/normal__201105021804_S1_12.wav,12,S1,305500,6927.437641723356
211,../set_a_cut/normal__201105021804_S2_12.wav,12,S2,314970,7142.1768707483
212,../set_a_cut/normal__201105021804_S1_13.wav,13,S1,330467,7493.582766439909
213,../set_a_cut/normal__201105021804_S2_13.wav,13,S2,340799,7727.868480725623
214,../set_a_cut/normal__201105021804_S1_14.wav,14,S1,355435,8059.750566893424
215,../set_a_cut/normal__201105021804_S2_14.wav,14,S2,367489,8333.083900226757
216,../set_a_cut/normal__201105021804_S1_15.wav,15,S1,381264,8645.442176870749
217,../set_a_cut/normal__201105021804_S2_15.wav,15,S2,389873,8840.657596371882
218,../set_a_cut/normal__201105151450_S1_1.wav,1,S1,25679,582.2902494331066
219,../set_a_cut/normal__201105151450_S2_1.wav,1,S2,39379,892.9478458049887
220,../set_a_cut/normal__201105151450_S1_2.wav,2,S1,55964,1269.0249433106576
221,../set_a_cut/normal__201105151450_S2_2.wav,2,S2,70385,1596.031746031746
222,../set_a_cut/normal__201105151450_S1_3.wav,3,S1,89853,2037.4829931972788
223,../set_a_cut/normal__201105151450_S2_3.wav,3,S2,104275,2364.5124716553287
224,../set_a_cut/normal__201105151450_S1_4.wav,4,S1,123743,2805.9637188208617
225,../set_a_cut/normal__201105151450_S2_4.wav,4,S2,137443,3116.6213151927436
226,../set_a_cut/normal__201105151450_S1_5.wav,5,S1,156912,3558.095238095238
227,../set_a_cut/normal__201105151450_S2_5.wav,5,S2,170612,3868.75283446712
228,../set_a_cut/normal__201105151450_S1_6.wav,6,S1,192965,4375.6235827664395
229,../set_a_cut/normal__201105151450_S2_6.wav,6,S2,205223,4653.582766439909
230,../set_a_cut/normal__201105151450_S1_7.wav,7,S1,226855,5144.104308390023
231,../set_a_cut/normal__201105151450_S2_7.wav,7,S2,241276,5471.111111111111
232,../set_a_cut/normal__201105151450_S1_8.wav,8,S1,262907,5961.609977324263
233,../set_a_cut/normal__201105151450_S2_8.wav,8,S2,277003,6281.24716553288
234,../set_a_cut/normal__201105151450_S1_9.wav,9,S1,298239,6762.789115646258
235,../set_a_cut/normal__201105151450_S2_9.wav,9,S2,312660,7089.7959183673465
236,../set_a_cut/normal__201106111136_S1_1.wav,1,S1,18943,429.54648526077096
237,../set_a_cut/normal__201106111136_S2_1.wav,1,S2,32239,731.0430839002267
238,../set_a_cut/normal__201106111136_S1_2.wav,2,S1,55506,1258.639455782313
239,../set_a_cut/normal__201106111136_S2_2.wav,2,S2,65953,1495.5328798185942
240,../set_a_cut/normal__201106111136_S1_3.wav,3,S1,86846,1969.297052154195
241,../set_a_cut/normal__201106111136_S2_3.wav,3,S2,100142,2270.7936507936506
242,../set_a_cut/normal__201106111136_S1_4.wav,4,S1,121510,2755.328798185941
243,../set_a_cut/normal__201106111136_S2_4.wav,4,S2,135280,3067.573696145125
244,../set_a_cut/normal__201106111136_S1_5.wav,5,S1,158073,3584.421768707483
245,../set_a_cut/normal__201106111136_S2_5.wav,5,S2,168044,3810.5215419501133
246,../set_a_cut/normal__201106111136_S1_6.wav,6,S1,188938,4284.308390022676
247,../set_a_cut/normal__201106111136_S2_6.wav,6,S2,200809,4553.492063492064
248,../set_a_cut/normal__201106141148_S1_1.wav,1,S1,20449,463.69614512471657
249,../set_a_cut/normal__201106141148_S2_1.wav,1,S2,30349,688.1859410430839
250,../set_a_cut/normal__201106141148_S1_2.wav,2,S1,46849,1062.3356009070294
251,../set_a_cut/normal__201106141148_S2_2.wav,2,S2,57299,1299.297052154195
252,../set_a_cut/normal__201106141148_S1_3.wav,3,S1,72698,1648.4807256235827
253,../set_a_cut/normal__201106141148_S2_3.wav,3,S2,83698,1897.9138321995465
254,../set_a_cut/normal__201106141148_S1_4.wav,4,S1,99648,2259.591836734694
255,../set_a_cut/normal__201106141148_S2_4.wav,4,S2,111197,2521.4739229024945
256,../set_a_cut/normal__201106141148_S1_5.wav,5,S1,127147,2883.151927437642
257,../set_a_cut/normal__201106141148_S2_5.wav,5,S2,137047,3107.641723356009
258,../set_a_cut/normal__201106141148_S1_6.wav,6,S1,153546,3481.7687074829932
259,../set_a_cut/normal__201106141148_S2_6.wav,6,S2,164546,3731.201814058957
260,../set_a_cut/normal__201106141148_S1_7.wav,7,S1,180496,4092.879818594104
261,../set_a_cut/normal__201106141148_S2_7.wav,7,S2,190395,4317.34693877551
262,../set_a_cut/normal__201106141148_S1_8.wav,8,S1,207995,4716.4399092970525
263,../set_a_cut/normal__201106141148_S2_8.wav,8,S2,217345,4928.458049886622
264,../set_a_cut/normal__201106210943_S1_1.wav,1,S1,4036,91.51927437641723
265,../set_a_cut/normal__201106210943_S2_1.wav,1,S2,17466,396.05442176870747
266,../set_a_cut/normal__201106210943_S1_2.wav,2,S1,39290,890.9297052154195
267,../set_a_cut/normal__201106210943_S2_2.wav,2,S2,53839,1220.8390022675737
268,../set_a_cut/normal__201106210943_S1_3.wav,3,S1,72305,1639.5691609977325
269,../set_a_cut/normal__201106210943_S2_3.wav,3,S2,85735,1944.1043083900227
270,../set_a_cut/normal__201106210943_S1_4.wav,4,S1,105320,2388.2086167800453
271,../set_a_cut/normal__201106210943_S2_4.wav,4,S2,119310,2705.4421768707484
272,../set_a_cut/normal__201106210943_S1_5.wav,5,S1,140574,3187.6190476190477
273,../set_a_cut/normal__201106210943_S2_5.wav,5,S2,154004,3492.154195011338
274,../set_a_cut/normal__201106210943_S1_6.wav,6,S1,171351,3885.5102040816328
275,../set_a_cut/normal__201106210943_S2_6.wav,6,S2,185341,4202.743764172335
276,../set_a_cut/normal__201106210943_S1_7.wav,7,S1,206045,4672.222222222223
277,../set_a_cut/normal__201106210943_S2_7.wav,7,S2,219475,4976.757369614513
278,../set_a_cut/normal__201106221418_S1_1.wav,1,S1,25126,569.7505668934241
279,../set_a_cut/normal__201106221418_S2_1.wav,1,S2,39194,888.7528344671202
280,../set_a_cut/normal__201106221418_S1_2.wav,2,S1,59291,1344.4671201814058
281,../set_a_cut/normal__201106221418_S2_2.wav,2,S2,71349,1617.891156462585
282,../set_a_cut/normal__201106221418_S1_3.wav,3,S1,92116,2088.798185941043
283,../set_a_cut/normal__201106221418_S2_3.wav,3,S2,104844,2377.4149659863947
284,../set_a_cut/normal__201106221418_S1_4.wav,4,S1,122261,2772.358276643991
285,../set_a_cut/normal__201106221418_S2_4.wav,4,S2,137669,3121.746031746032
286,../set_a_cut/normal__201106221418_S1_5.wav,5,S1,154416,3501.496598639456
287,../set_a_cut/normal__201106221418_S2_5.wav,5,S2,169154,3835.6916099773243
288,../set_a_cut/normal__201106221418_S1_6.wav,6,S1,190591,4321.791383219955
289,../set_a_cut/normal__201106221418_S2_6.wav,6,S2,203319,4610.408163265306
290,../set_a_cut/normal__201106221418_S1_7.wav,7,S1,223416,5066.122448979592
291,../set_a_cut/normal__201106221418_S2_7.wav,7,S2,237484,5385.124716553288
292,../set_a_cut/normal__201106221418_S1_8.wav,8,S1,261600,5931.972789115646
293,../set_a_cut/normal__201106221418_S2_8.wav,8,S2,274328,6220.589569160998
294,../set_a_cut/normal__201106221450_S1_1.wav,1,S1,1583,35.89569160997733
295,../set_a_cut/normal__201106221450_S2_1.wav,1,S2,15358,348.25396825396825
296,../set_a_cut/normal__201106221450_S1_2.wav,2,S1,37743,855.8503401360545
297,../set_a_cut/normal__201106221450_S2_2.wav,2,S2,53240,1207.2562358276643
298,../set_a_cut/normal__201106221450_S1_3.wav,3,S1,73903,1675.8049886621316
299,../set_a_cut/normal__201106221450_S2_3.wav,3,S2,88539,2007.687074829932
300,../set_a_cut/normal__201106221450_S1_4.wav,4,S1,110063,2495.7596371882087
301,../set_a_cut/normal__201106221450_S2_4.wav,4,S2,123838,2808.1179138321995
302,../set_a_cut/normal__201106221450_S1_5.wav,5,S1,146223,3315.714285714286
303,../set_a_cut/normal__201106221450_S2_5.wav,5,S2,159998,3628.0725623582766
304,../set_a_cut/normal__201106221450_S1_6.wav,6,S1,183244,4155.1927437641725
305,../set_a_cut/normal__201106221450_S2_6.wav,6,S2,197880,4487.074829931973
306,../set_a_cut/normal__201106221450_S1_7.wav,7,S1,220265,4994.671201814059
307,../set_a_cut/normal__201106221450_S2_7.wav,7,S2,235762,5346.077097505669
308,../set_a_cut/normal__201106221450_S1_8.wav,8,S1,257286,5834.149659863946
309,../set_a_cut/normal__201106221450_S2_8.wav,8,S2,272784,6185.578231292517
310,../set_a_cut/normal__201106221450_S1_9.wav,9,S1,295168,6693.1519274376415
311,../set_a_cut/normal__201106221450_S2_9.wav,9,S2,308944,7005.532879818594
312,../set_a_cut/normal__201106221450_S1_10.wav,10,S1,330467,7493.582766439909
313,../set_a_cut/normal__201106221450_S2_10.wav,10,S2,344243,7805.963718820862
314,../set_a_cut/normal__201106221450_S1_11.wav,11,S1,365767,8294.036281179138
315,../set_a_cut/normal__201106221450_S2_11.wav,11,S2,379542,8606.394557823129
316,../set_a_cut/normal__201108011112_S1_1.wav,1,S1,24810,562.5850340136054
317,../set_a_cut/normal__201108011112_S2_1.wav,1,S2,39993,906.8707482993198
318,../set_a_cut/normal__201108011112_S1_2.wav,2,S1,62008,1406.077097505669
319,../set_a_cut/normal__201108011112_S2_2.wav,2,S2,75672,1715.9183673469388
320,../set_a_cut/normal__201108011112_S1_3.wav,3,S1,97687,2215.124716553288
321,../set_a_cut/normal__201108011112_S2_3.wav,3,S2,112110,2542.1768707482993
322,../set_a_cut/normal__201108011112_S1_4.wav,4,S1,134125,3041.3832199546487
323,../set_a_cut/normal__201108011112_S2_4.wav,4,S2,148548,3368.4353741496598
324,../set_a_cut/normal__201108011112_S1_5.wav,5,S1,169804,3850.4308390022675
325,../set_a_cut/normal__201108011112_S2_5.wav,5,S2,184227,4177.482993197279
326,../set_a_cut/normal__201108011112_S1_6.wav,6,S1,206242,4676.689342403628
327,../set_a_cut/normal__201108011112_S2_6.wav,6,S2,220665,5003.741496598639
328,../set_a_cut/normal__201108011112_S1_7.wav,7,S1,243439,5520.158730158731
329,../set_a_cut/normal__201108011112_S2_7.wav,7,S2,257104,5830.022675736962
330,../set_a_cut/normal__201108011112_S1_8.wav,8,S1,278359,6311.995464852607
331,../set_a_cut/normal__201108011112_S2_8.wav,8,S2,292783,6639.07029478458
332,../set_a_cut/normal__201108011112_S1_9.wav,9,S1,314797,7138.253968253968
333,../set_a_cut/normal__201108011112_S2_9.wav,9,S2,329221,7465.328798185941
334,../set_a_cut/normal__201108011114_S1_1.wav,1,S1,21774,493.74149659863946
335,../set_a_cut/normal__201108011114_S2_1.wav,1,S2,36197,820.7936507936508
336,../set_a_cut/normal__201108011114_S1_2.wav,2,S1,66562,1509.3424036281178
337,../set_a_cut/normal__201108011114_S2_2.wav,2,S2,80986,1836.4172335600906
338,../set_a_cut/normal__201108011114_S1_3.wav,3,S1,111351,2524.9659863945576
339,../set_a_cut/normal__201108011114_S2_3.wav,3,S2,126534,2869.2517006802723
340,../set_a_cut/normal__201108011114_S1_4.wav,4,S1,156899,3557.8004535147393
341,../set_a_cut/normal__201108011114_S2_4.wav,4,S2,171322,3884.8526077097504
342,../set_a_cut/normal__201108011114_S1_5.wav,5,S1,201687,4573.401360544218
343,../set_a_cut/normal__201108011114_S2_5.wav,5,S2,216870,4917.687074829932
344,../set_a_cut/normal__201108011114_S1_6.wav,6,S1,246476,5589.024943310657
345,../set_a_cut/normal__201108011114_S2_6.wav,6,S2,262417,5950.498866213152
346,../set_a_cut/normal__201108011114_S1_7.wav,7,S1,291264,6604.625850340136
347,../set_a_cut/normal__201108011114_S2_7.wav,7,S2,307206,6966.122448979592
348,../set_a_cut/normal__201108011115_S1_1.wav,1,S1,22533,510.95238095238096
349,../set_a_cut/normal__201108011115_S2_1.wav,1,S2,36197,820.7936507936508
350,../set_a_cut/normal__201108011115_S1_2.wav,2,S1,58212,1320.0
351,../set_a_cut/normal__201108011115_S2_2.wav,2,S2,72635,1647.0521541950113
352,../set_a_cut/normal__201108011115_S1_3.wav,3,S1,94650,2146.2585034013605
353,../set_a_cut/normal__201108011115_S2_3.wav,3,S2,109074,2473.3333333333335
354,../set_a_cut/normal__201108011115_S1_4.wav,4,S1,131088,2972.517006802721
355,../set_a_cut/normal__201108011115_S2_4.wav,4,S2,145512,3299.591836734694
356,../set_a_cut/normal__201108011115_S1_5.wav,5,S1,167526,3798.7755102040815
357,../set_a_cut/normal__201108011115_S2_5.wav,5,S2,181191,4108.639455782313
358,../set_a_cut/normal__201108011115_S1_6.wav,6,S1,203205,4607.8231292517
359,../set_a_cut/normal__201108011115_S2_6.wav,6,S2,216870,4917.687074829932
360,../set_a_cut/normal__201108011115_S1_7.wav,7,S1,238884,5416.8707482993195
361,../set_a_cut/normal__201108011115_S2_7.wav,7,S2,253308,5743.9455782312925
362,../set_a_cut/normal__201108011115_S1_8.wav,8,S1,275323,6243.1519274376415
363,../set_a_cut/normal__201108011115_S2_8.wav,8,S2,289746,6570.2040816326535
364,../set_a_cut/normal__201108011115_S1_9.wav,9,S1,311761,7069.410430839002
365,../set_a_cut/normal__201108011115_S2_9.wav,9,S2,325425,7379.251700680272
366,../set_a_cut/normal__201108011118_S1_1.wav,1,S1,6591,149.45578231292518
367,../set_a_cut/normal__201108011118_S2_1.wav,1,S2,19496,442.0861678004535
368,../set_a_cut/normal__201108011118_S1_2.wav,2,S1,36197,820.7936507936508
369,../set_a_cut/normal__201108011118_S2_2.wav,2,S2,49862,1130.6575963718822
370,../set_a_cut/normal__201108011118_S1_3.wav,3,S1,65803,1492.1315192743764
371,../set_a_cut/normal__201108011118_S2_3.wav,3,S2,77949,1767.5510204081634
372,../set_a_cut/normal__201108011118_S1_4.wav,4,S1,94650,2146.2585034013605
373,../set_a_cut/normal__201108011118_S2_4.wav,4,S2,106796,2421.6780045351475
374,../set_a_cut/normal__201108011118_S1_5.wav,5,S1,123497,2800.3854875283446
375,../set_a_cut/normal__201108011118_S2_5.wav,5,S2,137161,3110.2267573696145
376,../set_a_cut/normal__201108011118_S1_6.wav,6,S1,153862,3488.9342403628116
377,../set_a_cut/normal__201108011118_S2_6.wav,6,S2,166008,3764.3537414965986
378,../set_a_cut/normal__201108011118_S1_7.wav,7,S1,182709,4143.061224489796
379,../set_a_cut/normal__201108011118_S2_7.wav,7,S2,195614,4435.691609977324
380,../set_a_cut/normal__201108011118_S1_8.wav,8,S1,212315,4814.399092970521
381,../set_a_cut/normal__201108011118_S2_8.wav,8,S2,225220,5107.02947845805
382,../set_a_cut/normal__201108011118_S1_9.wav,9,S1,240403,5451.315192743764
383,../set_a_cut/normal__201108011118_S2_9.wav,9,S2,254826,5778.367346938776
384,../set_a_cut/normal__201108011118_S1_10.wav,10,S1,271527,6157.074829931973
385,../set_a_cut/normal__201108011118_S2_10.wav,10,S2,283673,6432.49433106576
386,../set_a_cut/normal__201108011118_S1_11.wav,11,S1,299863,6799.614512471655
387,../set_a_cut/normal__201108011118_S2_11.wav,11,S2,313279,7103.832199546485
388,../set_a_cut/normal__201108011118_S1_12.wav,12,S1,329980,7482.539682539683
389,../set_a_cut/normal__201108011118_S2_12.wav,12,S2,342126,7757.959183673469
390,../set_a_cut/normal__201102081321_noiseS1_0.wav,0,noiseS1,0,0.0
391,../set_a_cut/normal__201102081321_noiseS1_1.wav,1,noiseS1,12021,272.5850340136054
392,../set_a_cut/normal__201102081321_noiseS2_1.wav,1,noiseS2,23259,527.4149659863946
393,../set_a_cut/normal__201102081321_noiseS1_2.wav,2,noiseS1,37075,840.7029478458049
394,../set_a_cut/normal__201102081321_noiseS2_2.wav,2,noiseS2,49744,1127.9818594104308
395,../set_a_cut/normal__201102081321_noiseS1_3.wav,3,noiseS1,64992,1473.7414965986395
396,../set_a_cut/normal__201102081321_noiseS2_3.wav,3,noiseS2,76229,1728.5487528344672
397,../set_a_cut/normal__201102081321_noiseS1_4.wav,4,noiseS1,90761,2058.0725623582766
398,../set_a_cut/normal__201102081321_noiseS2_4.wav,4,noiseS2,104146,2361.5873015873017
399,../set_a_cut/normal__201102081321_noiseS1_5.wav,5,noiseS1,117246,2658.639455782313
400,../set_a_cut/normal__201102081321_noiseS2_5.wav,5,noiseS2,129915,2945.918367346939
401,../set_a_cut/normal__201102081321_noiseS1_6.wav,6,noiseS1,145163,3291.6780045351475
402,../set_a_cut/normal__201102081321_noiseS2_6.wav,6,noiseS2,156400,3546.485260770975
403,../set_a_cut/normal__201102081321_noiseS1_7.wav,7,noiseS1,170216,3859.7732426303855
404,../set_a_cut/normal__201102081321_noiseS2_7.wav,7,noiseS2,182885,4147.052154195011
405,../set_a_cut/normal__201102081321_noiseS1_8.wav,8,noiseS1,197417,4476.575963718821
406,../set_a_cut/normal__201102081321_noiseS2_8.wav,8,noiseS2,208655,4731.40589569161
407,../set_a_cut/normal__201102081321_noiseS1_9.wav,9,noiseS1,222471,5044.693877551021
408,../set_a_cut/normal__201102081321_noiseS2_9.wav,9,noiseS2,234424,5315.736961451247
409,../set_a_cut/normal__201102081321_noiseS1_10.wav,10,noiseS1,274010,6213.378684807256
410,../set_a_cut/normal__201102081321_noiseS2_10.wav,10,noiseS2,285963,6484.421768707483
411,../set_a_cut/normal__201102081321_noiseS1_11.wav,11,noiseS1,299779,6797.7097505668935
412,../set_a_cut/normal__201102081321_noiseS2_11.wav,11,noiseS2,311732,7068.75283446712
413,../set_a_cut/normal__201102081321_noiseS1_12.wav,12,noiseS1,326264,7398.27664399093
414,../set_a_cut/normal__201102081321_noiseS2_12.wav,12,noiseS2,337501,7653.083900226758
415,../set_a_cut/normal__201102260502_noiseS1_0.wav,0,noiseS1,0,0.0
416,../set_a_cut/normal__201102260502_noiseS1_1.wav,1,noiseS1,13526,306.7120181405896
417,../set_a_cut/normal__201102260502_noiseS2_1.wav,1,noiseS2,30441,690.2721088435375
418,../set_a_cut/normal__201102260502_noiseS1_2.wav,2,noiseS1,44197,1002.1995464852607
419,../set_a_cut/normal__201102260502_noiseS2_2.wav,2,noiseS2,60663,1375.578231292517
420,../set_a_cut/normal__201102260502_noiseS1_3.wav,3,noiseS1,73278,1661.6326530612246
421,../set_a_cut/normal__201102260502_noiseS2_3.wav,3,noiseS2,91455,2073.809523809524
422,../set_a_cut/normal__201102260502_noiseS1_4.wav,4,noiseS1,104641,2372.8117913832198
423,../set_a_cut/normal__201102260502_noiseS2_4.wav,4,noiseS2,124528,2823.764172335601
424,../set_a_cut/normal__201102260502_noiseS1_5.wav,5,noiseS1,136573,3096.893424036281
425,../set_a_cut/normal__201102260502_noiseS2_5.wav,5,noiseS2,155321,3522.018140589569
426,../set_a_cut/normal__201102260502_noiseS1_6.wav,6,noiseS1,186753,4234.761904761905
427,../set_a_cut/normal__201102260502_noiseS2_6.wav,6,noiseS2,200369,4543.514739229025
428,../set_a_cut/normal__201102260502_noiseS1_7.wav,7,noiseS1,218686,4958.866213151928
429,../set_a_cut/normal__201102260502_noiseS2_7.wav,7,noiseS2,233442,5293.469387755102
430,../set_a_cut/normal__201102260502_noiseS1_8.wav,8,noiseS1,253211,5741.746031746032
431,../set_a_cut/normal__201102260502_noiseS2_8.wav,8,noiseS2,267668,6069.569160997732
432,../set_a_cut/normal__201103090635_noiseS1_0.wav,0,noiseS1,0,0.0
433,../set_a_cut/normal__201103090635_noiseS1_1.wav,1,noiseS1,7366,167.02947845804988
434,../set_a_cut/normal__201103090635_noiseS2_1.wav,1,noiseS2,20132,456.5079365079365
435,../set_a_cut/normal__201103090635_noiseS1_2.wav,2,noiseS1,33432,758.0952380952381
436,../set_a_cut/normal__201103090635_noiseS2_2.wav,2,noiseS2,46964,1064.9433106575964
437,../set_a_cut/normal__201103090635_noiseS1_3.wav,3,noiseS1,61030,1383.9002267573696
438,../set_a_cut/normal__201103090635_noiseS2_3.wav,3,noiseS2,73796,1673.3786848072561
439,../set_a_cut/normal__201103090635_noiseS1_4.wav,4,noiseS1,88629,2009.7278911564626
440,../set_a_cut/normal__201103090635_noiseS2_4.wav,4,noiseS2,102161,2316.5759637188207
441,../set_a_cut/normal__201103090635_noiseS1_5.wav,5,noiseS1,118527,2687.687074829932
442,../set_a_cut/normal__201103090635_noiseS2_5.wav,5,noiseS2,131293,2977.165532879819
443,../set_a_cut/normal__201103090635_noiseS1_6.wav,6,noiseS1,146125,3313.4920634920636
444,../set_a_cut/normal__201103090635_noiseS2_6.wav,6,noiseS2,158891,3602.97052154195
445,../set_a_cut/normal__201103090635_noiseS1_7.wav,7,noiseS1,176024,3991.4739229024945
446,../set_a_cut/normal__201103090635_noiseS2_7.wav,7,noiseS2,188023,4263.5600907029475
447,../set_a_cut/normal__201103090635_noiseS1_8.wav,8,noiseS1,202856,4599.909297052154
448,../set_a_cut/normal__201103090635_noiseS2_8.wav,8,noiseS2,215622,4889.3877551020405
449,../set_a_cut/normal__201103090635_noiseS1_9.wav,9,noiseS1,228154,5173.5600907029475
450,../set_a_cut/normal__201103090635_noiseS2_9.wav,9,noiseS2,241687,5480.430839002268
451,../set_a_cut/normal__201103090635_noiseS1_10.wav,10,noiseS1,254220,5764.625850340136
452,../set_a_cut/normal__201103090635_noiseS2_10.wav,10,noiseS2,267752,6071.473922902494
453,../set_a_cut/normal__201103090635_noiseS1_11.wav,11,noiseS1,279518,6338.27664399093
454,../set_a_cut/normal__201103090635_noiseS2_11.wav,11,noiseS2,293051,6645.14739229025
455,../set_a_cut/normal__201103090635_noiseS1_12.wav,12,noiseS1,305583,6929.319727891157
456,../set_a_cut/normal__201103090635_noiseS2_12.wav,12,noiseS2,318349,7218.798185941043
457,../set_a_cut/normal__201103090635_noiseS1_13.wav,13,noiseS1,331649,7520.385487528345
458,../set_a_cut/normal__201103090635_noiseS2_13.wav,13,noiseS2,345181,7827.233560090703
459,../set_a_cut/normal__201103140132_noiseS1_0.wav,0,noiseS1,0,0.0
460,../set_a_cut/normal__201103140132_noiseS1_1.wav,1,noiseS1,18358,416.281179138322
461,../set_a_cut/normal__201103140132_noiseS2_1.wav,1,noiseS2,31772,720.453514739229
462,../set_a_cut/normal__201103140132_noiseS1_2.wav,2,noiseS1,91539,2075.714285714286
463,../set_a_cut/normal__201103140132_noiseS2_2.wav,2,noiseS2,107536,2438.458049886621
464,../set_a_cut/normal__201103140132_noiseS1_3.wav,3,noiseS1,130282,2954.2403628117913
465,../set_a_cut/normal__201103140132_noiseS2_3.wav,3,noiseS2,144557,3277.936507936508
466,../set_a_cut/normal__201103140132_noiseS1_4.wav,4,noiseS1,172469,3910.861678004535
467,../set_a_cut/normal__201103140132_noiseS2_4.wav,4,noiseS2,185883,4215.034013605442
468,../set_a_cut/normal__201103140132_noiseS1_5.wav,5,noiseS1,209490,4750.340136054422
469,../set_a_cut/normal__201103140132_noiseS2_5.wav,5,noiseS2,223765,5074.036281179138
470,../set_a_cut/normal__201103140132_noiseS1_6.wav,6,noiseS1,244789,5550.770975056689
471,../set_a_cut/normal__201103140132_noiseS2_6.wav,6,noiseS2,259064,5874.467120181406
472,../set_a_cut/normal__201103140132_noiseS1_7.wav,7,noiseS1,281810,6390.249433106576
473,../set_a_cut/normal__201103140132_noiseS2_7.wav,7,noiseS2,295225,6694.444444444444
474,../set_a_cut/normal__201103140132_noiseS1_8.wav,8,noiseS1,322275,7307.8231292517
475,../set_a_cut/normal__201103140132_noiseS2_8.wav,8,noiseS2,337411,7651.0430839002265
476,../set_a_cut/normal__201103140132_noiseS1_9.wav,9,noiseS1,365323,8283.968253968254
477,../set_a_cut/normal__201103140132_noiseS2_9.wav,9,noiseS2,379598,8607.66439909297
478,../set_a_cut/normal__201103140822_noiseS1_0.wav,0,noiseS1,0,0.0
479,../set_a_cut/normal__201103140822_noiseS1_1.wav,1,noiseS1,5444,123.44671201814059
480,../set_a_cut/normal__201103140822_noiseS2_1.wav,1,noiseS2,20580,466.6666666666667
481,../set_a_cut/normal__201103140822_noiseS1_2.wav,2,noiseS1,46770,1060.544217687075
482,../set_a_cut/normal__201103140822_noiseS2_2.wav,2,noiseS2,61045,1384.2403628117913
483,../set_a_cut/normal__201103140822_noiseS1_3.wav,3,noiseS1,86374,1958.5941043083901
484,../set_a_cut/normal__201103140822_noiseS2_3.wav,3,noiseS2,100649,2282.2902494331065
485,../set_a_cut/normal__201103140822_noiseS1_4.wav,4,noiseS1,125977,2856.6213151927436
486,../set_a_cut/normal__201103140822_noiseS2_4.wav,4,noiseS2,136809,3102.2448979591836
487,../set_a_cut/normal__201103140822_noiseS1_5.wav,5,noiseS1,159555,3618.0272108843537
488,../set_a_cut/normal__201103140822_noiseS2_5.wav,5,noiseS2,178135,4039.342403628118
489,../set_a_cut/normal__201103140822_noiseS1_6.wav,6,noiseS1,197437,4477.02947845805
490,../set_a_cut/normal__201103140822_noiseS2_6.wav,6,noiseS2,216878,4917.868480725623
491,../set_a_cut/normal__201103151912_noiseS1_0.wav,0,noiseS1,0,0.0
492,../set_a_cut/normal__201103151912_noiseS1_1.wav,1,noiseS1,5244,118.91156462585035
493,../set_a_cut/normal__201103151912_noiseS2_1.wav,1,noiseS2,14553,330.0
494,../set_a_cut/normal__201103151912_noiseS1_2.wav,2,noiseS1,27829,631.0430839002267
495,../set_a_cut/normal__201103151912_noiseS2_2.wav,2,noiseS2,63628,1442.81179138322
496,../set_a_cut/normal__201103151912_noiseS1_3.wav,3,noiseS1,81208,1841.4512471655328
497,../set_a_cut/normal__201103151912_noiseS2_3.wav,3,noiseS2,98927,2243.2426303854877
498,../set_a_cut/normal__201103151912_noiseS1_4.wav,4,noiseS1,119090,2700.453514739229
499,../set_a_cut/normal__201103151912_noiseS2_4.wav,4,noiseS2,135948,3082.721088435374
500,../set_a_cut/normal__201103151912_noiseS1_5.wav,5,noiseS1,154389,3500.8843537414964
501,../set_a_cut/normal__201103151912_noiseS2_5.wav,5,noiseS2,170386,3863.6281179138323
502,../set_a_cut/normal__201103151912_noiseS1_6.wav,6,noiseS1,204324,4633.197278911564
503,../set_a_cut/normal__201103151912_noiseS2_6.wav,6,noiseS2,225487,5113.083900226758
504,../set_a_cut/normal__201103221214_noiseS1_0.wav,0,noiseS1,0,0.0
505,../set_a_cut/normal__201103221214_noiseS1_1.wav,1,noiseS1,29831,676.4399092970522
506,../set_a_cut/normal__201103221214_noiseS2_1.wav,1,noiseS2,41595,943.1972789115646
507,../set_a_cut/normal__201103221214_noiseS1_2.wav,2,noiseS1,56667,1284.9659863945578
508,../set_a_cut/normal__201103221214_noiseS2_2.wav,2,noiseS2,68101,1544.2403628117913
509,../set_a_cut/normal__201103221214_noiseS1_3.wav,3,noiseS1,83173,1886.0090702947846
510,../set_a_cut/normal__201103221214_noiseS2_3.wav,3,noiseS2,95269,2160.294784580499
511,../set_a_cut/normal__201103221214_noiseS1_4.wav,4,noiseS1,110341,2502.063492063492
512,../set_a_cut/normal__201103221214_noiseS2_4.wav,4,noiseS2,122105,2768.8208616780043
513,../set_a_cut/normal__201103221214_noiseS1_5.wav,5,noiseS1,137509,3118.1179138321995
514,../set_a_cut/normal__201103221214_noiseS2_5.wav,5,noiseS2,148942,3377.369614512472
515,../set_a_cut/normal__201104141251_noiseS1_0.wav,0,noiseS1,0,0.0
516,../set_a_cut/normal__201104141251_noiseS1_1.wav,1,noiseS1,23189,525.827664399093
517,../set_a_cut/normal__201104141251_noiseS2_1.wav,1,noiseS2,35379,802.2448979591836
518,../set_a_cut/normal__201104141251_noiseS1_2.wav,2,noiseS1,53876,1221.6780045351475
519,../set_a_cut/normal__201104141251_noiseS2_2.wav,2,noiseS2,66797,1514.671201814059
520,../set_a_cut/normal__201104141251_noiseS1_3.wav,3,noiseS1,85294,1934.1043083900227
521,../set_a_cut/normal__201104141251_noiseS2_3.wav,3,noiseS2,98946,2243.673469387755
522,../set_a_cut/normal__201104141251_noiseS1_4.wav,4,noiseS1,118904,2696.235827664399
523,../set_a_cut/normal__201104141251_noiseS2_4.wav,4,noiseS2,131826,2989.2517006802723
524,../set_a_cut/normal__201104141251_noiseS1_5.wav,5,noiseS1,151053,3425.2380952380954
525,../set_a_cut/normal__201104141251_noiseS2_5.wav,5,noiseS2,164705,3734.8072562358275
526,../set_a_cut/normal__201104141251_noiseS1_6.wav,6,noiseS1,182471,4137.664399092971
527,../set_a_cut/normal__201104141251_noiseS2_6.wav,6,noiseS2,195123,4424.557823129252
528,../set_a_cut/normal__201104141251_noiseS1_7.wav,7,noiseS1,213889,4850.090702947846
529,../set_a_cut/normal__201104141251_noiseS2_7.wav,7,noiseS2,227541,5159.659863945578
530,../set_a_cut/normal__201104141251_noiseS1_8.wav,8,noiseS1,247499,5612.222222222223
531,../set_a_cut/normal__201104141251_noiseS2_8.wav,8,noiseS2,260420,5905.2154195011335
532,../set_a_cut/normal__201104141251_noiseS1_9.wav,9,noiseS1,281109,6374.353741496599
533,../set_a_cut/normal__201104141251_noiseS2_9.wav,9,noiseS2,293300,6650.793650793651
534,../set_a_cut/normal__201105011626_noiseS1_0.wav,0,noiseS1,0,0.0
535,../set_a_cut/normal__201105011626_noiseS1_1.wav,1,noiseS1,4855,110.0907029478458
536,../set_a_cut/normal__201105011626_noiseS2_1.wav,1,noiseS2,17997,408.0952380952381
537,../set_a_cut/normal__201105011626_noiseS1_2.wav,2,noiseS1,25246,572.4716553287982
538,../set_a_cut/normal__201105011626_noiseS2_2.wav,2,noiseS2,37799,857.1201814058957
539,../set_a_cut/normal__201105011626_noiseS1_3.wav,3,noiseS1,45048,1021.4965986394558
540,../set_a_cut/normal__201105011626_noiseS2_3.wav,3,noiseS2,58462,1325.668934240363
541,../set_a_cut/normal__201105011626_noiseS1_4.wav,4,noiseS1,65711,1490.045351473923
542,../set_a_cut/normal__201105011626_noiseS2_4.wav,4,noiseS2,78264,1774.6938775510205
543,../set_a_cut/normal__201105011626_noiseS1_5.wav,5,noiseS1,86374,1958.5941043083901
544,../set_a_cut/normal__201105011626_noiseS2_5.wav,5,noiseS2,98927,2243.2426303854877
545,../set_a_cut/normal__201105011626_noiseS1_6.wav,6,noiseS1,107036,2427.120181405896
546,../set_a_cut/normal__201105011626_noiseS2_6.wav,6,noiseS2,118729,2692.267573696145
547,../set_a_cut/normal__201105011626_noiseS1_7.wav,7,noiseS1,126838,2876.1451247165533
548,../set_a_cut/normal__201105011626_noiseS2_7.wav,7,noiseS2,138531,3141.292517006803
549,../set_a_cut/normal__201105011626_noiseS1_8.wav,8,noiseS1,145779,3305.6462585034014
550,../set_a_cut/normal__201105011626_noiseS2_8.wav,8,noiseS2,167399,3795.8956916099773
551,../set_a_cut/normal__201105011626_noiseS1_9.wav,9,noiseS1,157833,3578.9795918367345
552,../set_a_cut/normal__201105011626_noiseS2_9.wav,9,noiseS2,179857,4078.390022675737
553,../set_a_cut/normal__201105011626_noiseS1_10.wav,10,noiseS1,186244,4223.219954648526
554,../set_a_cut/normal__201105011626_noiseS2_10.wav,10,noiseS2,198798,4507.891156462585
555,../set_a_cut/normal__201105011626_noiseS1_11.wav,11,noiseS1,207768,4711.292517006803
556,../set_a_cut/normal__201105011626_noiseS2_11.wav,11,noiseS2,218600,4956.916099773242
557,../set_a_cut/normal__201105011626_noiseS1_12.wav,12,noiseS1,226709,5140.793650793651
558,../set_a_cut/normal__201105011626_noiseS2_12.wav,12,noiseS2,240123,5444.965986394558
559,../set_a_cut/normal__201105011626_noiseS1_13.wav,13,noiseS1,247372,5609.342403628118
560,../set_a_cut/normal__201105011626_noiseS2_13.wav,13,noiseS2,259925,5893.990929705215
561,../set_a_cut/normal__201105011626_noiseS1_14.wav,14,noiseS1,268035,6077.891156462585
562,../set_a_cut/normal__201105011626_noiseS2_14.wav,14,noiseS2,281449,6382.063492063492
563,../set_a_cut/normal__201105011626_noiseS1_15.wav,15,noiseS1,289559,6565.963718820862
564,../set_a_cut/normal__201105011626_noiseS2_15.wav,15,noiseS2,304695,6909.183673469388
565,../set_a_cut/normal__201105011626_noiseS1_16.wav,16,noiseS1,309361,7014.988662131519
566,../set_a_cut/normal__201105011626_noiseS2_16.wav,16,noiseS2,323636,7338.684807256236
567,../set_a_cut/normal__201105011626_noiseS1_17.wav,17,noiseS1,330885,7503.061224489796
568,../set_a_cut/normal__201105011626_noiseS2_17.wav,17,noiseS2,340855,7729.138321995465
569,../set_a_cut/normal__201105011626_noiseS1_18.wav,18,noiseS1,349826,7932.562358276644
570,../set_a_cut/normal__201105011626_noiseS2_18.wav,18,noiseS2,363240,8236.734693877552
571,../set_a_cut/normal__201105011626_noiseS1_19.wav,19,noiseS1,383403,8693.945578231293
572,../set_a_cut/normal__201105011626_noiseS2_19.wav,19,noiseS2,391651,8880.975056689342
573,../set_a_cut/normal__201105021654_noiseS1_0.wav,0,noiseS1,0,0.0
574,../set_a_cut/normal__201105021654_noiseS1_1.wav,1,noiseS1,26481,600.4761904761905
575,../set_a_cut/normal__201105021654_noiseS2_1.wav,1,noiseS2,42281,958.7528344671202
576,../set_a_cut/normal__201105021654_noiseS1_2.wav,2,noiseS1,81563,1849.5011337868482
577,../set_a_cut/normal__201105021654_noiseS2_2.wav,2,noiseS2,97363,2207.777777777778
578,../set_a_cut/normal__201105021654_noiseS1_3.wav,3,noiseS1,128229,2907.687074829932
579,../set_a_cut/normal__201105021654_noiseS2_3.wav,3,noiseS2,143265,3248.639455782313
580,../set_a_cut/normal__201105021654_noiseS1_4.wav,4,noiseS1,171836,3896.5079365079364
581,../set_a_cut/normal__201105021654_noiseS2_4.wav,4,noiseS2,187636,4254.7845804988665
582,../set_a_cut/normal__201105021654_noiseS1_5.wav,5,noiseS1,217737,4937.34693877551
583,../set_a_cut/normal__201105021654_noiseS2_5.wav,5,noiseS2,232773,5278.299319727891
584,../set_a_cut/normal__201105021654_noiseS1_6.wav,6,noiseS1,272054,6169.024943310657
585,../set_a_cut/normal__201105021654_noiseS2_6.wav,6,noiseS2,287090,6509.977324263038
586,../set_a_cut/normal__201105021654_noiseS1_7.wav,7,noiseS1,329431,7470.090702947846
587,../set_a_cut/normal__201105021654_noiseS2_7.wav,7,noiseS2,345232,7828.390022675737
588,../set_a_cut/normal__201105021804_noiseS1_0.wav,0,noiseS1,0,0.0
589,../set_a_cut/normal__201105021804_noiseS1_1.wav,1,noiseS1,26107,591.9954648526077
590,../set_a_cut/normal__201105021804_noiseS2_1.wav,1,noiseS2,37799,857.1201814058957
591,../set_a_cut/normal__201105021804_noiseS1_2.wav,2,noiseS1,52796,1197.18820861678
592,../set_a_cut/normal__201105021804_noiseS2_2.wav,2,noiseS2,63628,1442.81179138322
593,../set_a_cut/normal__201105021804_noiseS1_3.wav,3,noiseS1,77764,1763.3560090702947
594,../set_a_cut/normal__201105021804_noiseS2_3.wav,3,noiseS2,88595,2008.9569160997733
595,../set_a_cut/normal__201105021804_noiseS1_4.wav,4,noiseS1,103593,2349.0476190476193
596,../set_a_cut/normal__201105021804_noiseS2_4.wav,4,noiseS2,115285,2614.172335600907
597,../set_a_cut/normal__201105021804_noiseS1_5.wav,5,noiseS1,130282,2954.2403628117913
598,../set_a_cut/normal__201105021804_noiseS2_5.wav,5,noiseS2,141975,3219.387755102041
599,../set_a_cut/normal__201105021804_noiseS1_6.wav,6,noiseS1,156972,3559.4557823129253
600,../set_a_cut/normal__201105021804_noiseS2_6.wav,6,noiseS2,167803,3805.056689342404
601,../set_a_cut/normal__201105021804_noiseS1_7.wav,7,noiseS1,182800,4145.124716553288
602,../set_a_cut/normal__201105021804_noiseS2_7.wav,7,noiseS2,192771,4371.224489795918
603,../set_a_cut/normal__201105021804_noiseS1_8.wav,8,noiseS1,206907,4691.768707482993
604,../set_a_cut/normal__201105021804_noiseS2_8.wav,8,noiseS2,219461,4976.4399092970525
605,../set_a_cut/normal__201105021804_noiseS1_9.wav,9,noiseS1,231875,5257.936507936508
606,../set_a_cut/normal__201105021804_noiseS2_9.wav,9,noiseS2,242706,5503.5374149659865
607,../set_a_cut/normal__201105021804_noiseS1_10.wav,10,noiseS1,256843,5824.104308390023
608,../set_a_cut/normal__201105021804_noiseS2_10.wav,10,noiseS2,267674,6069.705215419501
609,../set_a_cut/normal__201105021804_noiseS1_11.wav,11,noiseS1,283532,6429.297052154195
610,../set_a_cut/normal__201105021804_noiseS2_11.wav,11,noiseS2,293503,6655.396825396825
611,../set_a_cut/normal__201105021804_noiseS1_12.wav,12,noiseS1,308500,6995.46485260771
612,../set_a_cut/normal__201105021804_noiseS2_12.wav,12,noiseS2,318470,7221.541950113378
613,../set_a_cut/normal__201105021804_noiseS1_13.wav,13,noiseS1,333467,7561.609977324263
614,../set_a_cut/normal__201105021804_noiseS2_13.wav,13,noiseS2,344299,7807.233560090703
615,../set_a_cut/normal__201105021804_noiseS1_14.wav,14,noiseS1,358435,8127.777777777777
616,../set_a_cut/normal__201105021804_noiseS2_14.wav,14,noiseS2,370989,8412.448979591836
617,../set_a_cut/normal__201105021804_noiseS1_15.wav,15,noiseS1,384264,8713.469387755102
618,../set_a_cut/normal__201105021804_noiseS2_15.wav,15,noiseS2,393373,8920.022675736962
619,../set_a_cut/normal__201105151450_noiseS1_0.wav,0,noiseS1,0,0.0
620,../set_a_cut/normal__201105151450_noiseS1_1.wav,1,noiseS1,28679,650.3174603174604
621,../set_a_cut/normal__201105151450_noiseS2_1.wav,1,noiseS2,42879,972.3129251700681
622,../set_a_cut/normal__201105151450_noiseS1_2.wav,2,noiseS1,58964,1337.0521541950113
623,../set_a_cut/normal__201105151450_noiseS2_2.wav,2,noiseS2,73885,1675.3968253968253
624,../set_a_cut/normal__201105151450_noiseS1_3.wav,3,noiseS1,92853,2105.5102040816328
625,../set_a_cut/normal__201105151450_noiseS2_3.wav,3,noiseS2,107775,2443.877551020408
626,../set_a_cut/normal__201105151450_noiseS1_4.wav,4,noiseS1,126743,2873.9909297052154
627,../set_a_cut/normal__201105151450_noiseS2_4.wav,4,noiseS2,140943,3195.986394557823
628,../set_a_cut/normal__201105151450_noiseS1_5.wav,5,noiseS1,159912,3626.122448979592
629,../set_a_cut/normal__201105151450_noiseS2_5.wav,5,noiseS2,174112,3948.1179138321995
630,../set_a_cut/normal__201105151450_noiseS1_6.wav,6,noiseS1,195965,4443.650793650793
631,../set_a_cut/normal__201105151450_noiseS2_6.wav,6,noiseS2,208723,4732.947845804989
632,../set_a_cut/normal__201105151450_noiseS1_7.wav,7,noiseS1,229855,5212.131519274377
633,../set_a_cut/normal__201105151450_noiseS2_7.wav,7,noiseS2,244776,5550.476190476191
634,../set_a_cut/normal__201105151450_noiseS1_8.wav,8,noiseS1,265907,6029.637188208617
635,../set_a_cut/normal__201105151450_noiseS2_8.wav,8,noiseS2,280503,6360.6122448979595
636,../set_a_cut/normal__201105151450_noiseS1_9.wav,9,noiseS1,301239,6830.816326530612
637,../set_a_cut/normal__201105151450_noiseS2_9.wav,9,noiseS2,316160,7169.160997732426
638,../set_a_cut/normal__201106111136_noiseS1_0.wav,0,noiseS1,0,0.0
639,../set_a_cut/normal__201106111136_noiseS1_1.wav,1,noiseS1,21943,497.5736961451247
640,../set_a_cut/normal__201106111136_noiseS2_1.wav,1,noiseS2,35739,810.4081632653061
641,../set_a_cut/normal__201106111136_noiseS1_2.wav,2,noiseS1,58506,1326.6666666666667
642,../set_a_cut/normal__201106111136_noiseS2_2.wav,2,noiseS2,69453,1574.8979591836735
643,../set_a_cut/normal__201106111136_noiseS1_3.wav,3,noiseS1,89846,2037.3242630385487
644,../set_a_cut/normal__201106111136_noiseS2_3.wav,3,noiseS2,103642,2350.15873015873
645,../set_a_cut/normal__201106111136_noiseS1_4.wav,4,noiseS1,124510,2823.356009070295
646,../set_a_cut/normal__201106111136_noiseS2_4.wav,4,noiseS2,138780,3146.938775510204
647,../set_a_cut/normal__201106111136_noiseS1_5.wav,5,noiseS1,161073,3652.4489795918366
648,../set_a_cut/normal__201106111136_noiseS2_5.wav,5,noiseS2,171544,3889.8866213151928
649,../set_a_cut/normal__201106111136_noiseS1_6.wav,6,noiseS1,191938,4352.335600907029
650,../set_a_cut/normal__201106111136_noiseS2_6.wav,6,noiseS2,204309,4632.857142857143
651,../set_a_cut/normal__201106141148_noiseS1_0.wav,0,noiseS1,0,0.0
652,../set_a_cut/normal__201106141148_noiseS1_1.wav,1,noiseS1,23449,531.7233560090702
653,../set_a_cut/normal__201106141148_noiseS2_1.wav,1,noiseS2,33849,767.5510204081633
654,../set_a_cut/normal__201106141148_noiseS1_2.wav,2,noiseS1,49849,1130.3628117913831
655,../set_a_cut/normal__201106141148_noiseS2_2.wav,2,noiseS2,60799,1378.6621315192745
656,../set_a_cut/normal__201106141148_noiseS1_3.wav,3,noiseS1,75698,1716.5079365079366
657,../set_a_cut/normal__201106141148_noiseS2_3.wav,3,noiseS2,87198,1977.2789115646258
658,../set_a_cut/normal__201106141148_noiseS1_4.wav,4,noiseS1,102648,2327.6190476190477
659,../set_a_cut/normal__201106141148_noiseS2_4.wav,4,noiseS2,114697,2600.8390022675735
660,../set_a_cut/normal__201106141148_noiseS1_5.wav,5,noiseS1,130147,2951.1791383219957
661,../set_a_cut/normal__201106141148_noiseS2_5.wav,5,noiseS2,140547,3187.0068027210887
662,../set_a_cut/normal__201106141148_noiseS1_6.wav,6,noiseS1,156546,3549.795918367347
663,../set_a_cut/normal__201106141148_noiseS2_6.wav,6,noiseS2,168046,3810.566893424036
664,../set_a_cut/normal__201106141148_noiseS1_7.wav,7,noiseS1,183496,4160.907029478458
665,../set_a_cut/normal__201106141148_noiseS2_7.wav,7,noiseS2,193895,4396.71201814059
666,../set_a_cut/normal__201106141148_noiseS1_8.wav,8,noiseS1,210995,4784.467120181406
667,../set_a_cut/normal__201106141148_noiseS2_8.wav,8,noiseS2,220845,5007.8231292517
668,../set_a_cut/normal__201106210943_noiseS1_0.wav,0,noiseS1,0,0.0
669,../set_a_cut/normal__201106210943_noiseS1_1.wav,1,noiseS1,7036,159.54648526077096
670,../set_a_cut/normal__201106210943_noiseS2_1.wav,1,noiseS2,20966,475.41950113378687
671,../set_a_cut/normal__201106210943_noiseS1_2.wav,2,noiseS1,42290,958.9569160997733
672,../set_a_cut/normal__201106210943_noiseS2_2.wav,2,noiseS2,57339,1300.204081632653
673,../set_a_cut/normal__201106210943_noiseS1_3.wav,3,noiseS1,75305,1707.5963718820863
674,../set_a_cut/normal__201106210943_noiseS2_3.wav,3,noiseS2,89235,2023.469387755102
675,../set_a_cut/normal__201106210943_noiseS1_4.wav,4,noiseS1,108320,2456.235827664399
676,../set_a_cut/normal__201106210943_noiseS2_4.wav,4,noiseS2,122810,2784.8072562358275
677,../set_a_cut/normal__201106210943_noiseS1_5.wav,5,noiseS1,143574,3255.6462585034014
678,../set_a_cut/normal__201106210943_noiseS2_5.wav,5,noiseS2,157504,3571.5192743764173
679,../set_a_cut/normal__201106210943_noiseS1_6.wav,6,noiseS1,174351,3953.5374149659865
680,../set_a_cut/normal__201106210943_noiseS2_6.wav,6,noiseS2,188841,4282.108843537415
681,../set_a_cut/normal__201106210943_noiseS1_7.wav,7,noiseS1,209045,4740.249433106576
682,../set_a_cut/normal__201106210943_noiseS2_7.wav,7,noiseS2,222975,5056.122448979592
683,../set_a_cut/normal__201106221418_noiseS1_0.wav,0,noiseS1,0,0.0
684,../set_a_cut/normal__201106221418_noiseS1_1.wav,1,noiseS1,28126,637.7777777777778
685,../set_a_cut/normal__201106221418_noiseS2_1.wav,1,noiseS2,42694,968.1179138321995
686,../set_a_cut/normal__201106221418_noiseS1_2.wav,2,noiseS1,62291,1412.4943310657595
687,../set_a_cut/normal__201106221418_noiseS2_2.wav,2,noiseS2,74849,1697.2562358276643
688,../set_a_cut/normal__201106221418_noiseS1_3.wav,3,noiseS1,95116,2156.8253968253966
689,../set_a_cut/normal__201106221418_noiseS2_3.wav,3,noiseS2,108344,2456.7800453514737
690,../set_a_cut/normal__201106221418_noiseS1_4.wav,4,noiseS1,125261,2840.3854875283446
691,../set_a_cut/normal__201106221418_noiseS2_4.wav,4,noiseS2,141169,3201.1111111111113
692,../set_a_cut/normal__201106221418_noiseS1_5.wav,5,noiseS1,157416,3569.5238095238096
693,../set_a_cut/normal__201106221418_noiseS2_5.wav,5,noiseS2,172654,3915.056689342404
694,../set_a_cut/normal__201106221418_noiseS1_6.wav,6,noiseS1,193591,4389.818594104308
695,../set_a_cut/normal__201106221418_noiseS2_6.wav,6,noiseS2,206819,4689.7732426303855
696,../set_a_cut/normal__201106221418_noiseS1_7.wav,7,noiseS1,226416,5134.149659863946
697,../set_a_cut/normal__201106221418_noiseS2_7.wav,7,noiseS2,240984,5464.489795918367
698,../set_a_cut/normal__201106221418_noiseS1_8.wav,8,noiseS1,264600,6000.0
699,../set_a_cut/normal__201106221418_noiseS2_8.wav,8,noiseS2,277828,6299.954648526077
700,../set_a_cut/normal__201106221450_noiseS1_0.wav,0,noiseS1,0,0.0
701,../set_a_cut/normal__201106221450_noiseS1_1.wav,1,noiseS1,4583,103.92290249433107
702,../set_a_cut/normal__201106221450_noiseS2_1.wav,1,noiseS2,18858,427.6190476190476
703,../set_a_cut/normal__201106221450_noiseS1_2.wav,2,noiseS1,40743,923.8775510204082
704,../set_a_cut/normal__201106221450_noiseS2_2.wav,2,noiseS2,56740,1286.6213151927439
705,../set_a_cut/normal__201106221450_noiseS1_3.wav,3,noiseS1,76903,1743.8321995464853
706,../set_a_cut/normal__201106221450_noiseS2_3.wav,3,noiseS2,92039,2087.0521541950116
707,../set_a_cut/normal__201106221450_noiseS1_4.wav,4,noiseS1,113063,2563.7868480725624
708,../set_a_cut/normal__201106221450_noiseS2_4.wav,4,noiseS2,127338,2887.482993197279
709,../set_a_cut/normal__201106221450_noiseS1_5.wav,5,noiseS1,149223,3383.7414965986395
710,../set_a_cut/normal__201106221450_noiseS2_5.wav,5,noiseS2,163498,3707.437641723356
711,../set_a_cut/normal__201106221450_noiseS1_6.wav,6,noiseS1,186244,4223.219954648526
712,../set_a_cut/normal__201106221450_noiseS2_6.wav,6,noiseS2,201380,4566.4399092970525
713,../set_a_cut/normal__201106221450_noiseS1_7.wav,7,noiseS1,223265,5062.6984126984125
714,../set_a_cut/normal__201106221450_noiseS2_7.wav,7,noiseS2,239262,5425.442176870748
715,../set_a_cut/normal__201106221450_noiseS1_8.wav,8,noiseS1,260286,5902.1768707483
716,../set_a_cut/normal__201106221450_noiseS2_8.wav,8,noiseS2,276284,6264.943310657596
717,../set_a_cut/normal__201106221450_noiseS1_9.wav,9,noiseS1,298168,6761.179138321995
718,../set_a_cut/normal__201106221450_noiseS2_9.wav,9,noiseS2,312444,7084.897959183673
719,../set_a_cut/normal__201106221450_noiseS1_10.wav,10,noiseS1,333467,7561.609977324263
720,../set_a_cut/normal__201106221450_noiseS2_10.wav,10,noiseS2,347743,7885.328798185941
721,../set_a_cut/normal__201106221450_noiseS1_11.wav,11,noiseS1,368767,8362.063492063493
722,../set_a_cut/normal__201106221450_noiseS2_11.wav,11,noiseS2,383042,8685.759637188208
723,../set_a_cut/normal__201108011112_noiseS1_0.wav,0,noiseS1,0,0.0
724,../set_a_cut/normal__201108011112_noiseS1_1.wav,1,noiseS1,27810,630.6122448979592
725,../set_a_cut/normal__201108011112_noiseS2_1.wav,1,noiseS2,43493,986.235827664399
726,../set_a_cut/normal__201108011112_noiseS1_2.wav,2,noiseS1,65008,1474.1043083900227
727,../set_a_cut/normal__201108011112_noiseS2_2.wav,2,noiseS2,79172,1795.283446712018
728,../set_a_cut/normal__201108011112_noiseS1_3.wav,3,noiseS1,100687,2283.151927437642
729,../set_a_cut/normal__201108011112_noiseS2_3.wav,3,noiseS2,115610,2621.541950113379
730,../set_a_cut/normal__201108011112_noiseS1_4.wav,4,noiseS1,137125,3109.4104308390024
731,../set_a_cut/normal__201108011112_noiseS2_4.wav,4,noiseS2,152048,3447.8004535147393
732,../set_a_cut/normal__201108011112_noiseS1_5.wav,5,noiseS1,172804,3918.458049886621
733,../set_a_cut/normal__201108011112_noiseS2_5.wav,5,noiseS2,187727,4256.8480725623585
734,../set_a_cut/normal__201108011112_noiseS1_6.wav,6,noiseS1,209242,4744.716553287982
735,../set_a_cut/normal__201108011112_noiseS2_6.wav,6,noiseS2,224165,5083.106575963719
736,../set_a_cut/normal__201108011112_noiseS1_7.wav,7,noiseS1,246439,5588.185941043084
737,../set_a_cut/normal__201108011112_noiseS2_7.wav,7,noiseS2,260604,5909.3877551020405
738,../set_a_cut/normal__201108011112_noiseS1_8.wav,8,noiseS1,281359,6380.022675736962
739,../set_a_cut/normal__201108011112_noiseS2_8.wav,8,noiseS2,296283,6718.43537414966
740,../set_a_cut/normal__201108011112_noiseS1_9.wav,9,noiseS1,317797,7206.281179138322
741,../set_a_cut/normal__201108011112_noiseS2_9.wav,9,noiseS2,332721,7544.693877551021
742,../set_a_cut/normal__201108011114_noiseS1_0.wav,0,noiseS1,0,0.0
743,../set_a_cut/normal__201108011114_noiseS1_1.wav,1,noiseS1,24774,561.7687074829932
744,../set_a_cut/normal__201108011114_noiseS2_1.wav,1,noiseS2,39697,900.1587301587301
745,../set_a_cut/normal__201108011114_noiseS1_2.wav,2,noiseS1,69562,1577.3696145124716
746,../set_a_cut/normal__201108011114_noiseS2_2.wav,2,noiseS2,84486,1915.7823129251701
747,../set_a_cut/normal__201108011114_noiseS1_3.wav,3,noiseS1,114351,2592.9931972789113
748,../set_a_cut/normal__201108011114_noiseS2_3.wav,3,noiseS2,130034,2948.6167800453513
749,../set_a_cut/normal__201108011114_noiseS1_4.wav,4,noiseS1,159899,3625.827664399093
750,../set_a_cut/normal__201108011114_noiseS2_4.wav,4,noiseS2,174822,3964.21768707483
751,../set_a_cut/normal__201108011114_noiseS1_5.wav,5,noiseS1,204687,4641.428571428572
752,../set_a_cut/normal__201108011114_noiseS2_5.wav,5,noiseS2,220370,4997.052154195011
753,../set_a_cut/normal__201108011114_noiseS1_6.wav,6,noiseS1,249476,5657.052154195011
754,../set_a_cut/normal__201108011114_noiseS2_6.wav,6,noiseS2,265917,6029.863945578231
755,../set_a_cut/normal__201108011114_noiseS1_7.wav,7,noiseS1,294264,6672.65306122449
756,../set_a_cut/normal__201108011114_noiseS2_7.wav,7,noiseS2,310706,7045.487528344671
757,../set_a_cut/normal__201108011115_noiseS1_0.wav,0,noiseS1,0,0.0
758,../set_a_cut/normal__201108011115_noiseS1_1.wav,1,noiseS1,25533,578.9795918367347
759,../set_a_cut/normal__201108011115_noiseS2_1.wav,1,noiseS2,39697,900.1587301587301
760,../set_a_cut/normal__201108011115_noiseS1_2.wav,2,noiseS1,61212,1388.0272108843537
761,../set_a_cut/normal__201108011115_noiseS2_2.wav,2,noiseS2,76135,1726.4172335600906
762,../set_a_cut/normal__201108011115_noiseS1_3.wav,3,noiseS1,97650,2214.285714285714
763,../set_a_cut/normal__201108011115_noiseS2_3.wav,3,noiseS2,112574,2552.6984126984125
764,../set_a_cut/normal__201108011115_noiseS1_4.wav,4,noiseS1,134088,3040.5442176870747
765,../set_a_cut/normal__201108011115_noiseS2_4.wav,4,noiseS2,149012,3378.956916099773
766,../set_a_cut/normal__201108011115_noiseS1_5.wav,5,noiseS1,170526,3866.802721088435
767,../set_a_cut/normal__201108011115_noiseS2_5.wav,5,noiseS2,184691,4188.004535147393
768,../set_a_cut/normal__201108011115_noiseS1_6.wav,6,noiseS1,206205,4675.850340136054
769,../set_a_cut/normal__201108011115_noiseS2_6.wav,6,noiseS2,220370,4997.052154195011
770,../set_a_cut/normal__201108011115_noiseS1_7.wav,7,noiseS1,241884,5484.897959183673
771,../set_a_cut/normal__201108011115_noiseS2_7.wav,7,noiseS2,256808,5823.310657596372
772,../set_a_cut/normal__201108011115_noiseS1_8.wav,8,noiseS1,278323,6311.179138321995
773,../set_a_cut/normal__201108011115_noiseS2_8.wav,8,noiseS2,293246,6649.569160997732
774,../set_a_cut/normal__201108011115_noiseS1_9.wav,9,noiseS1,314761,7137.437641723356
775,../set_a_cut/normal__201108011115_noiseS2_9.wav,9,noiseS2,328925,7458.616780045351
776,../set_a_cut/normal__201108011118_noiseS1_0.wav,0,noiseS1,0,0.0
777,../set_a_cut/normal__201108011118_noiseS1_1.wav,1,noiseS1,9591,217.48299319727892
778,../set_a_cut/normal__201108011118_noiseS2_1.wav,1,noiseS2,22996,521.4512471655329
779,../set_a_cut/normal__201108011118_noiseS1_2.wav,2,noiseS1,39197,888.8208616780046
780,../set_a_cut/normal__201108011118_noiseS2_2.wav,2,noiseS2,53362,1210.0226757369614
781,../set_a_cut/normal__201108011118_noiseS1_3.wav,3,noiseS1,68803,1560.1587301587301
782,../set_a_cut/normal__201108011118_noiseS2_3.wav,3,noiseS2,81449,1846.9160997732426
783,../set_a_cut/normal__201108011118_noiseS1_4.wav,4,noiseS1,97650,2214.285714285714
784,../set_a_cut/normal__201108011118_noiseS2_4.wav,4,noiseS2,110296,2501.043083900227
785,../set_a_cut/normal__201108011118_noiseS1_5.wav,5,noiseS1,126497,2868.4126984126983
786,../set_a_cut/normal__201108011118_noiseS2_5.wav,5,noiseS2,140661,3189.591836734694
787,../set_a_cut/normal__201108011118_noiseS1_6.wav,6,noiseS1,156862,3556.9614512471653
788,../set_a_cut/normal__201108011118_noiseS2_6.wav,6,noiseS2,169508,3843.718820861678
789,../set_a_cut/normal__201108011118_noiseS1_7.wav,7,noiseS1,185709,4211.088435374149
790,../set_a_cut/normal__201108011118_noiseS2_7.wav,7,noiseS2,199114,4515.056689342404
791,../set_a_cut/normal__201108011118_noiseS1_8.wav,8,noiseS1,215315,4882.426303854875
792,../set_a_cut/normal__201108011118_noiseS2_8.wav,8,noiseS2,228720,5186.39455782313
793,../set_a_cut/normal__201108011118_noiseS1_9.wav,9,noiseS1,243403,5519.342403628118
794,../set_a_cut/normal__201108011118_noiseS2_9.wav,9,noiseS2,258326,5857.7324263038545
795,../set_a_cut/normal__201108011118_noiseS1_10.wav,10,noiseS1,274527,6225.102040816327
796,../set_a_cut/normal__201108011118_noiseS2_10.wav,10,noiseS2,287173,6511.859410430839
797,../set_a_cut/normal__201108011118_noiseS1_11.wav,11,noiseS1,302863,6867.641723356009
798,../set_a_cut/normal__201108011118_noiseS2_11.wav,11,noiseS2,316779,7183.197278911564
799,../set_a_cut/normal__201108011118_noiseS1_12.wav,12,noiseS1,332980,7550.566893424037
800,../set_a_cut/normal__201108011118_noiseS2_12.wav,12,noiseS2,345626,7837.324263038548
